WRITE,W1,1,HSET,acct_auth_sign_table:0,ACID,0,ENTITY_CRE_FLG,Y,SOL_ID,2222,FORACID,0,ACCT_NAME,"AAAAA ,BBBBBBBBB",ACCT_SHORT_NAME,BBBBBBBB,CUST_ID,0,SCHM_CODE,RRRRR,ACCT_OPN_DATE,1248307200000,ACCT_CLS_FLG,N,MODE_OF_OPER_CODE,01,LCHG_USER_ID,CDCI,LCHG_TIME,1682535760000,RCRE_USER_ID,EEEEE,RCRE_TIME,1248350099000,ACCT_CRNCY_CODE,INR,SCHM_TYPE,SBA
WRITE,W1,1,HSET,acct_auth_sign_table:1,ACID,1,ENTITY_CRE_FLG,Y,SOL_ID,2222,FORACID,1,ACCT_NAME,"AAAAA ,BBBBBBBBB",ACCT_SHORT_NAME,BBBBBBBB,CUST_ID,1,SCHM_CODE,RRRRR,ACCT_OPN_DATE,1248307200000,ACCT_CLS_FLG,N,MODE_OF_OPER_CODE,01,LCHG_USER_ID,CDCI,LCHG_TIME,1682535760001,RCRE_USER_ID,EEEEE,RCRE_TIME,1248350099000,ACCT_CRNCY_CODE,INR,SCHM_TYPE,SBA
WRITE,W1,1,HSET,acct_auth_sign_table:2,ACID,2,ENTITY_CRE_FLG,Y,SOL_ID,2222,FORACID,2,ACCT_NAME,"AAAAA ,BBBBBBBBB",ACCT_SHORT_NAME,BBBBBBBB,CUST_ID,2,SCHM_CODE,RRRRR,ACCT_OPN_DATE,1248307200000,ACCT_CLS_FLG,N,MODE_OF_OPER_CODE,01,LCHG_USER_ID,CDCI,LCHG_TIME,1682535760002,RCRE_USER_ID,EEEEE,RCRE_TIME,1248350099000,ACCT_CRNCY_CODE,INR,SCHM_TYPE,SBA
WRITE,W1,1,HSET,acct_auth_sign_table:3,ACID,3,ENTITY_CRE_FLG,Y,SOL_ID,2222,FORACID,3,ACCT_NAME,"AAAAA ,BBBBBBBBB",ACCT_SHORT_NAME,BBBBBBBB,CUST_ID,3,SCHM_CODE,RRRRR,ACCT_OPN_DATE,1248307200000,ACCT_CLS_FLG,N,MODE_OF_OPER_CODE,01,LCHG_USER_ID,CDCI,LCHG_TIME,1682535760003,RCRE_USER_ID,EEEEE,RCRE_TIME,1248350099000,ACCT_CRNCY_CODE,INR,SCHM_TYPE,SBA
WRITE,W1,1,HSET,acct_auth_sign_table:4,ACID,4,ENTITY_CRE_FLG,Y,SOL_ID,2222,FORACID,4,ACCT_NAME,"AAAAA ,BBBBBBBBB",ACCT_SHORT_NAME,BBBBBBBB,CUST_ID,4,SCHM_CODE,RRRRR,ACCT_OPN_DATE,1248307200000,ACCT_CLS_FLG,N,MODE_OF_OPER_CODE,01,LCHG_USER_ID,CDCI,LCHG_TIME,1682535760004,RCRE_USER_ID,EEEEE,RCRE_TIME,1248350099000,ACCT_CRNCY_CODE,INR,SCHM_TYPE,SBA
WRITE,W1,1,HSET,acct_auth_sign_table:5,ACID,5,ENTITY_CRE_FLG,Y,SOL_ID,2222,FORACID,5,ACCT_NAME,"AAAAA ,BBBBBBBBB",ACCT_SHORT_NAME,BBBBBBBB,CUST_ID,5,SCHM_CODE,RRRRR,ACCT_OPN_DATE,1248307200000,ACCT_CLS_FLG,N,MODE_OF_OPER_CODE,01,LCHG_USER_ID,CDCI,LCHG_TIME,1682535760005,RCRE_USER_ID,EEEEE,RCRE_TIME,1248350099000,ACCT_CRNCY_CODE,INR,SCHM_TYPE,SBA
WRITE,W1,1,HSET,acct_auth_sign_table:6,ACID,6,ENTITY_CRE_FLG,Y,SOL_ID,2222,FORACID,6,ACCT_NAME,"AAAAA ,BBBBBBBBB",ACCT_SHORT_NAME,BBBBBBBB,CUST_ID,6,SCHM_CODE,RRRRR,ACCT_OPN_DATE,1248307200000,ACCT_CLS_FLG,N,MODE_OF_OPER_CODE,01,LCHG_USER_ID,CDCI,LCHG_TIME,1682535760006,RCRE_USER_ID,EEEEE,RCRE_TIME,1248350099000,ACCT_CRNCY_CODE,INR,SCHM_TYPE,SBA
WRITE,W1,1,HSET,acct_auth_sign_table:7,ACID,7,ENTITY_CRE_FLG,Y,SOL_ID,2222,FORACID,7,ACCT_NAME,"AAAAA ,BBBBBBBBB",ACCT_SHORT_NAME,BBBBBBBB,CUST_ID,7,SCHM_CODE,RRRRR,ACCT_OPN_DATE,1248307200000,ACCT_CLS_FLG,N,MODE_OF_OPER_CODE,01,LCHG_USER_ID,CDCI,LCHG_TIME,1682535760007,RCRE_USER_ID,EEEEE,RCRE_TIME,1248350099000,ACCT_CRNCY_CODE,INR,SCHM_TYPE,SBA
WRITE,W1,1,HSET,acct_auth_sign_table:8,ACID,8,ENTITY_CRE_FLG,Y,SOL_ID,2222,FORACID,8,ACCT_NAME,"AAAAA ,BBBBBBBBB",ACCT_SHORT_NAME,BBBBBBBB,CUST_ID,8,SCHM_CODE,RRRRR,ACCT_OPN_DATE,1248307200000,ACCT_CLS_FLG,N,MODE_OF_OPER_CODE,01,LCHG_USER_ID,CDCI,LCHG_TIME,1682535760008,RCRE_USER_ID,EEEEE,RCRE_TIME,1248350099000,ACCT_CRNCY_CODE,INR,SCHM_TYPE,SBA
WRITE,W1,1,HSET,acct_auth_sign_table:9,ACID,9,ENTITY_CRE_FLG,Y,SOL_ID,2222,FORACID,9,ACCT_NAME,"AAAAA ,BBBBBBBBB",ACCT_SHORT_NAME,BBBBBBBB,CUST_ID,9,SCHM_CODE,RRRRR,ACCT_OPN_DATE,1248307200000,ACCT_CLS_FLG,N,MODE_OF_OPER_CODE,01,LCHG_USER_ID,CDCI,LCHG_TIME,1682535760009,RCRE_USER_ID,EEEEE,RCRE_TIME,1248350099000,ACCT_CRNCY_CODE,INR,SCHM_TYPE,SBA
WRITE,W1,1,HSET,acct_auth_sign_table:10,ACID,10,ENTITY_CRE_FLG,Y,SOL_ID,2222,FORACID,10,ACCT_NAME,"AAAAA ,BBBBBBBBB",ACCT_SHORT_NAME,BBBBBBBB,CUST_ID,10,SCHM_CODE,RRRRR,ACCT_OPN_DATE,1248307200000,ACCT_CLS_FLG,N,MODE_OF_OPER_CODE,01,LCHG_USER_ID,CDCI,LCHG_TIME,1682535760010,RCRE_USER_ID,EEEEE,RCRE_TIME,1248350099000,ACCT_CRNCY_CODE,INR,SCHM_TYPE,SBA
WRITE,W1,1,HSET,acct_auth_sign_table:11,ACID,11,ENTITY_CRE_FLG,Y,SOL_ID,2222,FORACID,11,ACCT_NAME,"AAAAA ,BBBBBBBBB",ACCT_SHORT_NAME,BBBBBBBB,CUST_ID,11,SCHM_CODE,RRRRR,ACCT_OPN_DATE,1248307200000,ACCT_CLS_FLG,N,MODE_OF_OPER_CODE,01,LCHG_USER_ID,CDCI,LCHG_TIME,1682535760011,RCRE_USER_ID,EEEEE,RCRE_TIME,1248350099000,ACCT_CRNCY_CODE,INR,SCHM_TYPE,SBA
WRITE,W1,1,HSET,acct_auth_sign_table:12,ACID,12,ENTITY_CRE_FLG,Y,SOL_ID,2222,FORACID,12,ACCT_NAME,"AAAAA ,BBBBBBBBB",ACCT_SHORT_NAME,BBBBBBBB,CUST_ID,12,SCHM_CODE,RRRRR,ACCT_OPN_DATE,1248307200000,ACCT_CLS_FLG,N,MODE_OF_OPER_CODE,01,LCHG_USER_ID,CDCI,LCHG_TIME,1682535760012,RCRE_USER_ID,EEEEE,RCRE_TIME,1248350099000,ACCT_CRNCY_CODE,INR,SCHM_TYPE,SBA
WRITE,W1,1,HSET,acct_auth_sign_table:13,ACID,13,ENTITY_CRE_FLG,Y,SOL_ID,2222,FORACID,13,ACCT_NAME,"AAAAA ,BBBBBBBBB",ACCT_SHORT_NAME,BBBBBBBB,CUST_ID,13,SCHM_CODE,RRRRR,ACCT_OPN_DATE,1248307200000,ACCT_CLS_FLG,N,MODE_OF_OPER_CODE,01,LCHG_USER_ID,CDCI,LCHG_TIME,1682535760013,RCRE_USER_ID,EEEEE,RCRE_TIME,1248350099000,ACCT_CRNCY_CODE,INR,SCHM_TYPE,SBA
WRITE,W1,1,HSET,acct_auth_sign_table:14,ACID,14,ENTITY_CRE_FLG,Y,SOL_ID,2222,FORACID,14,ACCT_NAME,"AAAAA ,BBBBBBBBB",ACCT_SHORT_NAME,BBBBBBBB,CUST_ID,14,SCHM_CODE,RRRRR,ACCT_OPN_DATE,1248307200000,ACCT_CLS_FLG,N,MODE_OF_OPER_CODE,01,LCHG_USER_ID,CDCI,LCHG_TIME,1682535760014,RCRE_USER_ID,EEEEE,RCRE_TIME,1248350099000,ACCT_CRNCY_CODE,INR,SCHM_TYPE,SBA
WRITE,W1,1,HSET,acct_auth_sign_table:15,ACID,15,ENTITY_CRE_FLG,Y,SOL_ID,2222,FORACID,15,ACCT_NAME,"AAAAA ,BBBBBBBBB",ACCT_SHORT_NAME,BBBBBBBB,CUST_ID,15,SCHM_CODE,RRRRR,ACCT_OPN_DATE,1248307200000,ACCT_CLS_FLG,N,MODE_OF_OPER_CODE,01,LCHG_USER_ID,CDCI,LCHG_TIME,1682535760015,RCRE_USER_ID,EEEEE,RCRE_TIME,1248350099000,ACCT_CRNCY_CODE,INR,SCHM_TYPE,SBA
WRITE,W1,1,HSET,acct_auth_sign_table:16,ACID,16,ENTITY_CRE_FLG,Y,SOL_ID,2222,FORACID,16,ACCT_NAME,"AAAAA ,BBBBBBBBB",ACCT_SHORT_NAME,BBBBBBBB,CUST_ID,16,SCHM_CODE,RRRRR,ACCT_OPN_DATE,1248307200000,ACCT_CLS_FLG,N,MODE_OF_OPER_CODE,01,LCHG_USER_ID,CDCI,LCHG_TIME,1682535760016,RCRE_USER_ID,EEEEE,RCRE_TIME,1248350099000,ACCT_CRNCY_CODE,INR,SCHM_TYPE,SBA
WRITE,W1,1,HSET,acct_auth_sign_table:17,ACID,17,ENTITY_CRE_FLG,Y,SOL_ID,2222,FORACID,17,ACCT_NAME,"AAAAA ,BBBBBBBBB",ACCT_SHORT_NAME,BBBBBBBB,CUST_ID,17,SCHM_CODE,RRRRR,ACCT_OPN_DATE,1248307200000,ACCT_CLS_FLG,N,MODE_OF_OPER_CODE,01,LCHG_USER_ID,CDCI,LCHG_TIME,1682535760017,RCRE_USER_ID,EEEEE,RCRE_TIME,1248350099000,ACCT_CRNCY_CODE,INR,SCHM_TYPE,SBA
WRITE,W1,1,HSET,acct_auth_sign_table:18,ACID,18,ENTITY_CRE_FLG,Y,SOL_ID,2222,FORACID,18,ACCT_NAME,"AAAAA ,BBBBBBBBB",ACCT_SHORT_NAME,BBBBBBBB,CUST_ID,18,SCHM_CODE,RRRRR,ACCT_OPN_DATE,1248307200000,ACCT_CLS_FLG,N,MODE_OF_OPER_CODE,01,LCHG_USER_ID,CDCI,LCHG_TIME,1682535760018,RCRE_USER_ID,EEEEE,RCRE_TIME,1248350099000,ACCT_CRNCY_CODE,INR,SCHM_TYPE,SBA
WRITE,W1,1,HSET,acct_auth_sign_table:19,ACID,19,ENTITY_CRE_FLG,Y,SOL_ID,2222,FORACID,19,ACCT_NAME,"AAAAA ,BBBBBBBBB",ACCT_SHORT_NAME,BBBBBBBB,CUST_ID,19,SCHM_CODE,RRRRR,ACCT_OPN_DATE,1248307200000,ACCT_CLS_FLG,N,MODE_OF_OPER_CODE,01,LCHG_USER_ID,CDCI,LCHG_TIME,1682535760019,RCRE_USER_ID,EEEEE,RCRE_TIME,1248350099000,ACCT_CRNCY_CODE,INR,SCHM_TYPE,SBA
WRITE,W1,1,HSET,acct_auth_sign_table:20,ACID,20,ENTITY_CRE_FLG,Y,SOL_ID,2222,FORACID,20,ACCT_NAME,"AAAAA ,BBBBBBBBB",ACCT_SHORT_NAME,BBBBBBBB,CUST_ID,20,SCHM_CODE,RRRRR,ACCT_OPN_DATE,1248307200000,ACCT_CLS_FLG,N,MODE_OF_OPER_CODE,01,LCHG_USER_ID,CDCI,LCHG_TIME,1682535760020,RCRE_USER_ID,EEEEE,RCRE_TIME,1248350099000,ACCT_CRNCY_CODE,INR,SCHM_TYPE,SBA
WRITE,W1,1,HSET,acct_auth_sign_table:21,ACID,21,ENTITY_CRE_FLG,Y,SOL_ID,2222,FORACID,21,ACCT_NAME,"AAAAA ,BBBBBBBBB",ACCT_SHORT_NAME,BBBBBBBB,CUST_ID,21,SCHM_CODE,RRRRR,ACCT_OPN_DATE,1248307200000,ACCT_CLS_FLG,N,MODE_OF_OPER_CODE,01,LCHG_USER_ID,CDCI,LCHG_TIME,1682535760021,RCRE_USER_ID,EEEEE,RCRE_TIME,1248350099000,ACCT_CRNCY_CODE,INR,SCHM_TYPE,SBA
WRITE,W1,1,HSET,acct_auth_sign_table:22,ACID,22,ENTITY_CRE_FLG,Y,SOL_ID,2222,FORACID,22,ACCT_NAME,"AAAAA ,BBBBBBBBB",ACCT_SHORT_NAME,BBBBBBBB,CUST_ID,22,SCHM_CODE,RRRRR,ACCT_OPN_DATE,1248307200000,ACCT_CLS_FLG,N,MODE_OF_OPER_CODE,01,LCHG_USER_ID,CDCI,LCHG_TIME,1682535760022,RCRE_USER_ID,EEEEE,RCRE_TIME,1248350099000,ACCT_CRNCY_CODE,INR,SCHM_TYPE,SBA
WRITE,W1,1,HSET,acct_auth_sign_table:23,ACID,23,ENTITY_CRE_FLG,Y,SOL_ID,2222,FORACID,23,ACCT_NAME,"AAAAA ,BBBBBBBBB",ACCT_SHORT_NAME,BBBBBBBB,CUST_ID,23,SCHM_CODE,RRRRR,ACCT_OPN_DATE,1248307200000,ACCT_CLS_FLG,N,MODE_OF_OPER_CODE,01,LCHG_USER_ID,CDCI,LCHG_TIME,1682535760023,RCRE_USER_ID,EEEEE,RCRE_TIME,1248350099000,ACCT_CRNCY_CODE,INR,SCHM_TYPE,SBA
WRITE,W1,1,HSET,acct_auth_sign_table:24,ACID,24,ENTITY_CRE_FLG,Y,SOL_ID,2222,FORACID,24,ACCT_NAME,"AAAAA ,BBBBBBBBB",ACCT_SHORT_NAME,BBBBBBBB,CUST_ID,24,SCHM_CODE,RRRRR,ACCT_OPN_DATE,1248307200000,ACCT_CLS_FLG,N,MODE_OF_OPER_CODE,01,LCHG_USER_ID,CDCI,LCHG_TIME,1682535760024,RCRE_USER_ID,EEEEE,RCRE_TIME,1248350099000,ACCT_CRNCY_CODE,INR,SCHM_TYPE,SBA
WRITE,W1,1,HSET,acct_auth_sign_table:25,ACID,25,ENTITY_CRE_FLG,Y,SOL_ID,2222,FORACID,25,ACCT_NAME,"AAAAA ,BBBBBBBBB",ACCT_SHORT_NAME,BBBBBBBB,CUST_ID,25,SCHM_CODE,RRRRR,ACCT_OPN_DATE,1248307200000,ACCT_CLS_FLG,N,MODE_OF_OPER_CODE,01,LCHG_USER_ID,CDCI,LCHG_TIME,1682535760025,RCRE_USER_ID,EEEEE,RCRE_TIME,1248350099000,ACCT_CRNCY_CODE,INR,SCHM_TYPE,SBA
WRITE,W1,1,HSET,acct_auth_sign_table:26,ACID,26,ENTITY_CRE_FLG,Y,SOL_ID,2222,FORACID,26,ACCT_NAME,"AAAAA ,BBBBBBBBB",ACCT_SHORT_NAME,BBBBBBBB,CUST_ID,26,SCHM_CODE,RRRRR,ACCT_OPN_DATE,1248307200000,ACCT_CLS_FLG,N,MODE_OF_OPER_CODE,01,LCHG_USER_ID,CDCI,LCHG_TIME,1682535760026,RCRE_USER_ID,EEEEE,RCRE_TIME,1248350099000,ACCT_CRNCY_CODE,INR,SCHM_TYPE,SBA
WRITE,W1,1,HSET,acct_auth_sign_table:27,ACID,27,ENTITY_CRE_FLG,Y,SOL_ID,2222,FORACID,27,ACCT_NAME,"AAAAA ,BBBBBBBBB",ACCT_SHORT_NAME,BBBBBBBB,CUST_ID,27,SCHM_CODE,RRRRR,ACCT_OPN_DATE,1248307200000,ACCT_CLS_FLG,N,MODE_OF_OPER_CODE,01,LCHG_USER_ID,CDCI,LCHG_TIME,1682535760027,RCRE_USER_ID,EEEEE,RCRE_TIME,1248350099000,ACCT_CRNCY_CODE,INR,SCHM_TYPE,SBA
WRITE,W1,1,HSET,acct_auth_sign_table:28,ACID,28,ENTITY_CRE_FLG,Y,SOL_ID,2222,FORACID,28,ACCT_NAME,"AAAAA ,BBBBBBBBB",ACCT_SHORT_NAME,BBBBBBBB,CUST_ID,28,SCHM_CODE,RRRRR,ACCT_OPN_DATE,1248307200000,ACCT_CLS_FLG,N,MODE_OF_OPER_CODE,01,LCHG_USER_ID,CDCI,LCHG_TIME,1682535760028,RCRE_USER_ID,EEEEE,RCRE_TIME,1248350099000,ACCT_CRNCY_CODE,INR,SCHM_TYPE,SBA
WRITE,W1,1,HSET,acct_auth_sign_table:29,ACID,29,ENTITY_CRE_FLG,Y,SOL_ID,2222,FORACID,29,ACCT_NAME,"AAAAA ,BBBBBBBBB",ACCT_SHORT_NAME,BBBBBBBB,CUST_ID,29,SCHM_CODE,RRRRR,ACCT_OPN_DATE,1248307200000,ACCT_CLS_FLG,N,MODE_OF_OPER_CODE,01,LCHG_USER_ID,CDCI,LCHG_TIME,1682535760029,RCRE_USER_ID,EEEEE,RCRE_TIME,1248350099000,ACCT_CRNCY_CODE,INR,SCHM_TYPE,SBA
WRITE,W1,1,HSET,acct_auth_sign_table:30,ACID,30,ENTITY_CRE_FLG,Y,SOL_ID,2222,FORACID,30,ACCT_NAME,"AAAAA ,BBBBBBBBB",ACCT_SHORT_NAME,BBBBBBBB,CUST_ID,30,SCHM_CODE,RRRRR,ACCT_OPN_DATE,1248307200000,ACCT_CLS_FLG,N,MODE_OF_OPER_CODE,01,LCHG_USER_ID,CDCI,LCHG_TIME,1682535760030,RCRE_USER_ID,EEEEE,RCRE_TIME,1248350099000,ACCT_CRNCY_CODE,INR,SCHM_TYPE,SBA
WRITE,W1,1,HSET,acct_auth_sign_table:31,ACID,31,ENTITY_CRE_FLG,Y,SOL_ID,2222,FORACID,31,ACCT_NAME,"AAAAA ,BBBBBBBBB",ACCT_SHORT_NAME,BBBBBBBB,CUST_ID,31,SCHM_CODE,RRRRR,ACCT_OPN_DATE,1248307200000,ACCT_CLS_FLG,N,MODE_OF_OPER_CODE,01,LCHG_USER_ID,CDCI,LCHG_TIME,1682535760031,RCRE_USER_ID,EEEEE,RCRE_TIME,1248350099000,ACCT_CRNCY_CODE,INR,SCHM_TYPE,SBA
WRITE,W1,1,HSET,acct_auth_sign_table:32,ACID,32,ENTITY_CRE_FLG,Y,SOL_ID,2222,FORACID,32,ACCT_NAME,"AAAAA ,BBBBBBBBB",ACCT_SHORT_NAME,BBBBBBBB,CUST_ID,32,SCHM_CODE,RRRRR,ACCT_OPN_DATE,1248307200000,ACCT_CLS_FLG,N,MODE_OF_OPER_CODE,01,LCHG_USER_ID,CDCI,LCHG_TIME,1682535760032,RCRE_USER_ID,EEEEE,RCRE_TIME,1248350099000,ACCT_CRNCY_CODE,INR,SCHM_TYPE,SBA
WRITE,W1,1,HSET,acct_auth_sign_table:33,ACID,33,ENTITY_CRE_FLG,Y,SOL_ID,2222,FORACID,33,ACCT_NAME,"AAAAA ,BBBBBBBBB",ACCT_SHORT_NAME,BBBBBBBB,CUST_ID,33,SCHM_CODE,RRRRR,ACCT_OPN_DATE,1248307200000,ACCT_CLS_FLG,N,MODE_OF_OPER_CODE,01,LCHG_USER_ID,CDCI,LCHG_TIME,1682535760033,RCRE_USER_ID,EEEEE,RCRE_TIME,1248350099000,ACCT_CRNCY_CODE,INR,SCHM_TYPE,SBA
WRITE,W1,1,HSET,acct_auth_sign_table:34,ACID,34,ENTITY_CRE_FLG,Y,SOL_ID,2222,FORACID,34,ACCT_NAME,"AAAAA ,BBBBBBBBB",ACCT_SHORT_NAME,BBBBBBBB,CUST_ID,34,SCHM_CODE,RRRRR,ACCT_OPN_DATE,1248307200000,ACCT_CLS_FLG,N,MODE_OF_OPER_CODE,01,LCHG_USER_ID,CDCI,LCHG_TIME,1682535760034,RCRE_USER_ID,EEEEE,RCRE_TIME,1248350099000,ACCT_CRNCY_CODE,INR,SCHM_TYPE,SBA
WRITE,W1,1,HSET,acct_auth_sign_table:35,ACID,35,ENTITY_CRE_FLG,Y,SOL_ID,2222,FORACID,35,ACCT_NAME,"AAAAA ,BBBBBBBBB",ACCT_SHORT_NAME,BBBBBBBB,CUST_ID,35,SCHM_CODE,RRRRR,ACCT_OPN_DATE,1248307200000,ACCT_CLS_FLG,N,MODE_OF_OPER_CODE,01,LCHG_USER_ID,CDCI,LCHG_TIME,1682535760035,RCRE_USER_ID,EEEEE,RCRE_TIME,1248350099000,ACCT_CRNCY_CODE,INR,SCHM_TYPE,SBA
WRITE,W1,1,HSET,acct_auth_sign_table:36,ACID,36,ENTITY_CRE_FLG,Y,SOL_ID,2222,FORACID,36,ACCT_NAME,"AAAAA ,BBBBBBBBB",ACCT_SHORT_NAME,BBBBBBBB,CUST_ID,36,SCHM_CODE,RRRRR,ACCT_OPN_DATE,1248307200000,ACCT_CLS_FLG,N,MODE_OF_OPER_CODE,01,LCHG_USER_ID,CDCI,LCHG_TIME,1682535760036,RCRE_USER_ID,EEEEE,RCRE_TIME,1248350099000,ACCT_CRNCY_CODE,INR,SCHM_TYPE,SBA
WRITE,W1,1,HSET,acct_auth_sign_table:37,ACID,37,ENTITY_CRE_FLG,Y,SOL_ID,2222,FORACID,37,ACCT_NAME,"AAAAA ,BBBBBBBBB",ACCT_SHORT_NAME,BBBBBBBB,CUST_ID,37,SCHM_CODE,RRRRR,ACCT_OPN_DATE,1248307200000,ACCT_CLS_FLG,N,MODE_OF_OPER_CODE,01,LCHG_USER_ID,CDCI,LCHG_TIME,1682535760037,RCRE_USER_ID,EEEEE,RCRE_TIME,1248350099000,ACCT_CRNCY_CODE,INR,SCHM_TYPE,SBA
WRITE,W1,1,HSET,acct_auth_sign_table:38,ACID,38,ENTITY_CRE_FLG,Y,SOL_ID,2222,FORACID,38,ACCT_NAME,"AAAAA ,BBBBBBBBB",ACCT_SHORT_NAME,BBBBBBBB,CUST_ID,38,SCHM_CODE,RRRRR,ACCT_OPN_DATE,1248307200000,ACCT_CLS_FLG,N,MODE_OF_OPER_CODE,01,LCHG_USER_ID,CDCI,LCHG_TIME,1682535760038,RCRE_USER_ID,EEEEE,RCRE_TIME,1248350099000,ACCT_CRNCY_CODE,INR,SCHM_TYPE,SBA
WRITE,W1,1,HSET,acct_auth_sign_table:39,ACID,39,ENTITY_CRE_FLG,Y,SOL_ID,2222,FORACID,39,ACCT_NAME,"AAAAA ,BBBBBBBBB",ACCT_SHORT_NAME,BBBBBBBB,CUST_ID,39,SCHM_CODE,RRRRR,ACCT_OPN_DATE,1248307200000,ACCT_CLS_FLG,N,MODE_OF_OPER_CODE,01,LCHG_USER_ID,CDCI,LCHG_TIME,1682535760039,RCRE_USER_ID,EEEEE,RCRE_TIME,1248350099000,ACCT_CRNCY_CODE,INR,SCHM_TYPE,SBA
WRITE,W1,1,HSET,acct_auth_sign_table:40,ACID,40,ENTITY_CRE_FLG,Y,SOL_ID,2222,FORACID,40,ACCT_NAME,"AAAAA ,BBBBBBBBB",ACCT_SHORT_NAME,BBBBBBBB,CUST_ID,40,SCHM_CODE,RRRRR,ACCT_OPN_DATE,1248307200000,ACCT_CLS_FLG,N,MODE_OF_OPER_CODE,01,LCHG_USER_ID,CDCI,LCHG_TIME,1682535760040,RCRE_USER_ID,EEEEE,RCRE_TIME,1248350099000,ACCT_CRNCY_CODE,INR,SCHM_TYPE,SBA
WRITE,W1,1,HSET,acct_auth_sign_table:41,ACID,41,ENTITY_CRE_FLG,Y,SOL_ID,2222,FORACID,41,ACCT_NAME,"AAAAA ,BBBBBBBBB",ACCT_SHORT_NAME,BBBBBBBB,CUST_ID,41,SCHM_CODE,RRRRR,ACCT_OPN_DATE,1248307200000,ACCT_CLS_FLG,N,MODE_OF_OPER_CODE,01,LCHG_USER_ID,CDCI,LCHG_TIME,1682535760041,RCRE_USER_ID,EEEEE,RCRE_TIME,1248350099000,ACCT_CRNCY_CODE,INR,SCHM_TYPE,SBA
WRITE,W1,1,HSET,acct_auth_sign_table:42,ACID,42,ENTITY_CRE_FLG,Y,SOL_ID,2222,FORACID,42,ACCT_NAME,"AAAAA ,BBBBBBBBB",ACCT_SHORT_NAME,BBBBBBBB,CUST_ID,42,SCHM_CODE,RRRRR,ACCT_OPN_DATE,1248307200000,ACCT_CLS_FLG,N,MODE_OF_OPER_CODE,01,LCHG_USER_ID,CDCI,LCHG_TIME,1682535760042,RCRE_USER_ID,EEEEE,RCRE_TIME,1248350099000,ACCT_CRNCY_CODE,INR,SCHM_TYPE,SBA
WRITE,W1,1,HSET,acct_auth_sign_table:43,ACID,43,ENTITY_CRE_FLG,Y,SOL_ID,2222,FORACID,43,ACCT_NAME,"AAAAA ,BBBBBBBBB",ACCT_SHORT_NAME,BBBBBBBB,CUST_ID,43,SCHM_CODE,RRRRR,ACCT_OPN_DATE,1248307200000,ACCT_CLS_FLG,N,MODE_OF_OPER_CODE,01,LCHG_USER_ID,CDCI,LCHG_TIME,1682535760043,RCRE_USER_ID,EEEEE,RCRE_TIME,1248350099000,ACCT_CRNCY_CODE,INR,SCHM_TYPE,SBA
WRITE,W1,1,HSET,acct_auth_sign_table:44,ACID,44,ENTITY_CRE_FLG,Y,SOL_ID,2222,FORACID,44,ACCT_NAME,"AAAAA ,BBBBBBBBB",ACCT_SHORT_NAME,BBBBBBBB,CUST_ID,44,SCHM_CODE,RRRRR,ACCT_OPN_DATE,1248307200000,ACCT_CLS_FLG,N,MODE_OF_OPER_CODE,01,LCHG_USER_ID,CDCI,LCHG_TIME,1682535760044,RCRE_USER_ID,EEEEE,RCRE_TIME,1248350099000,ACCT_CRNCY_CODE,INR,SCHM_TYPE,SBA
WRITE,W1,1,HSET,acct_auth_sign_table:45,ACID,45,ENTITY_CRE_FLG,Y,SOL_ID,2222,FORACID,45,ACCT_NAME,"AAAAA ,BBBBBBBBB",ACCT_SHORT_NAME,BBBBBBBB,CUST_ID,45,SCHM_CODE,RRRRR,ACCT_OPN_DATE,1248307200000,ACCT_CLS_FLG,N,MODE_OF_OPER_CODE,01,LCHG_USER_ID,CDCI,LCHG_TIME,1682535760045,RCRE_USER_ID,EEEEE,RCRE_TIME,1248350099000,ACCT_CRNCY_CODE,INR,SCHM_TYPE,SBA
WRITE,W1,1,HSET,acct_auth_sign_table:46,ACID,46,ENTITY_CRE_FLG,Y,SOL_ID,2222,FORACID,46,ACCT_NAME,"AAAAA ,BBBBBBBBB",ACCT_SHORT_NAME,BBBBBBBB,CUST_ID,46,SCHM_CODE,RRRRR,ACCT_OPN_DATE,1248307200000,ACCT_CLS_FLG,N,MODE_OF_OPER_CODE,01,LCHG_USER_ID,CDCI,LCHG_TIME,1682535760046,RCRE_USER_ID,EEEEE,RCRE_TIME,1248350099000,ACCT_CRNCY_CODE,INR,SCHM_TYPE,SBA
WRITE,W1,1,HSET,acct_auth_sign_table:47,ACID,47,ENTITY_CRE_FLG,Y,SOL_ID,2222,FORACID,47,ACCT_NAME,"AAAAA ,BBBBBBBBB",ACCT_SHORT_NAME,BBBBBBBB,CUST_ID,47,SCHM_CODE,RRRRR,ACCT_OPN_DATE,1248307200000,ACCT_CLS_FLG,N,MODE_OF_OPER_CODE,01,LCHG_USER_ID,CDCI,LCHG_TIME,1682535760047,RCRE_USER_ID,EEEEE,RCRE_TIME,1248350099000,ACCT_CRNCY_CODE,INR,SCHM_TYPE,SBA
WRITE,W1,1,HSET,acct_auth_sign_table:48,ACID,48,ENTITY_CRE_FLG,Y,SOL_ID,2222,FORACID,48,ACCT_NAME,"AAAAA ,BBBBBBBBB",ACCT_SHORT_NAME,BBBBBBBB,CUST_ID,48,SCHM_CODE,RRRRR,ACCT_OPN_DATE,1248307200000,ACCT_CLS_FLG,N,MODE_OF_OPER_CODE,01,LCHG_USER_ID,CDCI,LCHG_TIME,1682535760048,RCRE_USER_ID,EEEEE,RCRE_TIME,1248350099000,ACCT_CRNCY_CODE,INR,SCHM_TYPE,SBA
WRITE,W1,1,HSET,acct_auth_sign_table:49,ACID,49,ENTITY_CRE_FLG,Y,SOL_ID,2222,FORACID,49,ACCT_NAME,"AAAAA ,BBBBBBBBB",ACCT_SHORT_NAME,BBBBBBBB,CUST_ID,49,SCHM_CODE,RRRRR,ACCT_OPN_DATE,1248307200000,ACCT_CLS_FLG,N,MODE_OF_OPER_CODE,01,LCHG_USER_ID,CDCI,LCHG_TIME,1682535760049,RCRE_USER_ID,EEEEE,RCRE_TIME,1248350099000,ACCT_CRNCY_CODE,INR,SCHM_TYPE,SBA
WRITE,W1,1,HSET,acct_auth_sign_table:50,ACID,50,ENTITY_CRE_FLG,Y,SOL_ID,2222,FORACID,50,ACCT_NAME,"AAAAA ,BBBBBBBBB",ACCT_SHORT_NAME,BBBBBBBB,CUST_ID,50,SCHM_CODE,RRRRR,ACCT_OPN_DATE,1248307200000,ACCT_CLS_FLG,N,MODE_OF_OPER_CODE,01,LCHG_USER_ID,CDCI,LCHG_TIME,1682535760050,RCRE_USER_ID,EEEEE,RCRE_TIME,1248350099000,ACCT_CRNCY_CODE,INR,SCHM_TYPE,SBA
WRITE,W1,1,HSET,acct_auth_sign_table:51,ACID,51,ENTITY_CRE_FLG,Y,SOL_ID,2222,FORACID,51,ACCT_NAME,"AAAAA ,BBBBBBBBB",ACCT_SHORT_NAME,BBBBBBBB,CUST_ID,51,SCHM_CODE,RRRRR,ACCT_OPN_DATE,1248307200000,ACCT_CLS_FLG,N,MODE_OF_OPER_CODE,01,LCHG_USER_ID,CDCI,LCHG_TIME,1682535760051,RCRE_USER_ID,EEEEE,RCRE_TIME,1248350099000,ACCT_CRNCY_CODE,INR,SCHM_TYPE,SBA
WRITE,W1,1,HSET,acct_auth_sign_table:52,ACID,52,ENTITY_CRE_FLG,Y,SOL_ID,2222,FORACID,52,ACCT_NAME,"AAAAA ,BBBBBBBBB",ACCT_SHORT_NAME,BBBBBBBB,CUST_ID,52,SCHM_CODE,RRRRR,ACCT_OPN_DATE,1248307200000,ACCT_CLS_FLG,N,MODE_OF_OPER_CODE,01,LCHG_USER_ID,CDCI,LCHG_TIME,1682535760052,RCRE_USER_ID,EEEEE,RCRE_TIME,1248350099000,ACCT_CRNCY_CODE,INR,SCHM_TYPE,SBA
WRITE,W1,1,HSET,acct_auth_sign_table:53,ACID,53,ENTITY_CRE_FLG,Y,SOL_ID,2222,FORACID,53,ACCT_NAME,"AAAAA ,BBBBBBBBB",ACCT_SHORT_NAME,BBBBBBBB,CUST_ID,53,SCHM_CODE,RRRRR,ACCT_OPN_DATE,1248307200000,ACCT_CLS_FLG,N,MODE_OF_OPER_CODE,01,LCHG_USER_ID,CDCI,LCHG_TIME,1682535760053,RCRE_USER_ID,EEEEE,RCRE_TIME,1248350099000,ACCT_CRNCY_CODE,INR,SCHM_TYPE,SBA
WRITE,W1,1,HSET,acct_auth_sign_table:54,ACID,54,ENTITY_CRE_FLG,Y,SOL_ID,2222,FORACID,54,ACCT_NAME,"AAAAA ,BBBBBBBBB",ACCT_SHORT_NAME,BBBBBBBB,CUST_ID,54,SCHM_CODE,RRRRR,ACCT_OPN_DATE,1248307200000,ACCT_CLS_FLG,N,MODE_OF_OPER_CODE,01,LCHG_USER_ID,CDCI,LCHG_TIME,1682535760054,RCRE_USER_ID,EEEEE,RCRE_TIME,1248350099000,ACCT_CRNCY_CODE,INR,SCHM_TYPE,SBA
WRITE,W1,1,HSET,acct_auth_sign_table:55,ACID,55,ENTITY_CRE_FLG,Y,SOL_ID,2222,FORACID,55,ACCT_NAME,"AAAAA ,BBBBBBBBB",ACCT_SHORT_NAME,BBBBBBBB,CUST_ID,55,SCHM_CODE,RRRRR,ACCT_OPN_DATE,1248307200000,ACCT_CLS_FLG,N,MODE_OF_OPER_CODE,01,LCHG_USER_ID,CDCI,LCHG_TIME,1682535760055,RCRE_USER_ID,EEEEE,RCRE_TIME,1248350099000,ACCT_CRNCY_CODE,INR,SCHM_TYPE,SBA
WRITE,W1,1,HSET,acct_auth_sign_table:56,ACID,56,ENTITY_CRE_FLG,Y,SOL_ID,2222,FORACID,56,ACCT_NAME,"AAAAA ,BBBBBBBBB",ACCT_SHORT_NAME,BBBBBBBB,CUST_ID,56,SCHM_CODE,RRRRR,ACCT_OPN_DATE,1248307200000,ACCT_CLS_FLG,N,MODE_OF_OPER_CODE,01,LCHG_USER_ID,CDCI,LCHG_TIME,1682535760056,RCRE_USER_ID,EEEEE,RCRE_TIME,1248350099000,ACCT_CRNCY_CODE,INR,SCHM_TYPE,SBA
WRITE,W1,1,HSET,acct_auth_sign_table:57,ACID,57,ENTITY_CRE_FLG,Y,SOL_ID,2222,FORACID,57,ACCT_NAME,"AAAAA ,BBBBBBBBB",ACCT_SHORT_NAME,BBBBBBBB,CUST_ID,57,SCHM_CODE,RRRRR,ACCT_OPN_DATE,1248307200000,ACCT_CLS_FLG,N,MODE_OF_OPER_CODE,01,LCHG_USER_ID,CDCI,LCHG_TIME,1682535760057,RCRE_USER_ID,EEEEE,RCRE_TIME,1248350099000,ACCT_CRNCY_CODE,INR,SCHM_TYPE,SBA
WRITE,W1,1,HSET,acct_auth_sign_table:58,ACID,58,ENTITY_CRE_FLG,Y,SOL_ID,2222,FORACID,58,ACCT_NAME,"AAAAA ,BBBBBBBBB",ACCT_SHORT_NAME,BBBBBBBB,CUST_ID,58,SCHM_CODE,RRRRR,ACCT_OPN_DATE,1248307200000,ACCT_CLS_FLG,N,MODE_OF_OPER_CODE,01,LCHG_USER_ID,CDCI,LCHG_TIME,1682535760058,RCRE_USER_ID,EEEEE,RCRE_TIME,1248350099000,ACCT_CRNCY_CODE,INR,SCHM_TYPE,SBA
WRITE,W1,1,HSET,acct_auth_sign_table:59,ACID,59,ENTITY_CRE_FLG,Y,SOL_ID,2222,FORACID,59,ACCT_NAME,"AAAAA ,BBBBBBBBB",ACCT_SHORT_NAME,BBBBBBBB,CUST_ID,59,SCHM_CODE,RRRRR,ACCT_OPN_DATE,1248307200000,ACCT_CLS_FLG,N,MODE_OF_OPER_CODE,01,LCHG_USER_ID,CDCI,LCHG_TIME,1682535760059,RCRE_USER_ID,EEEEE,RCRE_TIME,1248350099000,ACCT_CRNCY_CODE,INR,SCHM_TYPE,SBA
WRITE,W1,1,HSET,acct_auth_sign_table:60,ACID,60,ENTITY_CRE_FLG,Y,SOL_ID,2222,FORACID,60,ACCT_NAME,"AAAAA ,BBBBBBBBB",ACCT_SHORT_NAME,BBBBBBBB,CUST_ID,60,SCHM_CODE,RRRRR,ACCT_OPN_DATE,1248307200000,ACCT_CLS_FLG,N,MODE_OF_OPER_CODE,01,LCHG_USER_ID,CDCI,LCHG_TIME,1682535760060,RCRE_USER_ID,EEEEE,RCRE_TIME,1248350099000,ACCT_CRNCY_CODE,INR,SCHM_TYPE,SBA
WRITE,W1,1,HSET,acct_auth_sign_table:61,ACID,61,ENTITY_CRE_FLG,Y,SOL_ID,2222,FORACID,61,ACCT_NAME,"AAAAA ,BBBBBBBBB",ACCT_SHORT_NAME,BBBBBBBB,CUST_ID,61,SCHM_CODE,RRRRR,ACCT_OPN_DATE,1248307200000,ACCT_CLS_FLG,N,MODE_OF_OPER_CODE,01,LCHG_USER_ID,CDCI,LCHG_TIME,1682535760061,RCRE_USER_ID,EEEEE,RCRE_TIME,1248350099000,ACCT_CRNCY_CODE,INR,SCHM_TYPE,SBA
WRITE,W1,1,HSET,acct_auth_sign_table:62,ACID,62,ENTITY_CRE_FLG,Y,SOL_ID,2222,FORACID,62,ACCT_NAME,"AAAAA ,BBBBBBBBB",ACCT_SHORT_NAME,BBBBBBBB,CUST_ID,62,SCHM_CODE,RRRRR,ACCT_OPN_DATE,1248307200000,ACCT_CLS_FLG,N,MODE_OF_OPER_CODE,01,LCHG_USER_ID,CDCI,LCHG_TIME,1682535760062,RCRE_USER_ID,EEEEE,RCRE_TIME,1248350099000,ACCT_CRNCY_CODE,INR,SCHM_TYPE,SBA
WRITE,W1,1,HSET,acct_auth_sign_table:63,ACID,63,ENTITY_CRE_FLG,Y,SOL_ID,2222,FORACID,63,ACCT_NAME,"AAAAA ,BBBBBBBBB",ACCT_SHORT_NAME,BBBBBBBB,CUST_ID,63,SCHM_CODE,RRRRR,ACCT_OPN_DATE,1248307200000,ACCT_CLS_FLG,N,MODE_OF_OPER_CODE,01,LCHG_USER_ID,CDCI,LCHG_TIME,1682535760063,RCRE_USER_ID,EEEEE,RCRE_TIME,1248350099000,ACCT_CRNCY_CODE,INR,SCHM_TYPE,SBA
WRITE,W1,1,HSET,acct_auth_sign_table:64,ACID,64,ENTITY_CRE_FLG,Y,SOL_ID,2222,FORACID,64,ACCT_NAME,"AAAAA ,BBBBBBBBB",ACCT_SHORT_NAME,BBBBBBBB,CUST_ID,64,SCHM_CODE,RRRRR,ACCT_OPN_DATE,1248307200000,ACCT_CLS_FLG,N,MODE_OF_OPER_CODE,01,LCHG_USER_ID,CDCI,LCHG_TIME,1682535760064,RCRE_USER_ID,EEEEE,RCRE_TIME,1248350099000,ACCT_CRNCY_CODE,INR,SCHM_TYPE,SBA
WRITE,W1,1,HSET,acct_auth_sign_table:65,ACID,65,ENTITY_CRE_FLG,Y,SOL_ID,2222,FORACID,65,ACCT_NAME,"AAAAA ,BBBBBBBBB",ACCT_SHORT_NAME,BBBBBBBB,CUST_ID,65,SCHM_CODE,RRRRR,ACCT_OPN_DATE,1248307200000,ACCT_CLS_FLG,N,MODE_OF_OPER_CODE,01,LCHG_USER_ID,CDCI,LCHG_TIME,1682535760065,RCRE_USER_ID,EEEEE,RCRE_TIME,1248350099000,ACCT_CRNCY_CODE,INR,SCHM_TYPE,SBA
WRITE,W1,1,HSET,acct_auth_sign_table:66,ACID,66,ENTITY_CRE_FLG,Y,SOL_ID,2222,FORACID,66,ACCT_NAME,"AAAAA ,BBBBBBBBB",ACCT_SHORT_NAME,BBBBBBBB,CUST_ID,66,SCHM_CODE,RRRRR,ACCT_OPN_DATE,1248307200000,ACCT_CLS_FLG,N,MODE_OF_OPER_CODE,01,LCHG_USER_ID,CDCI,LCHG_TIME,1682535760066,RCRE_USER_ID,EEEEE,RCRE_TIME,1248350099000,ACCT_CRNCY_CODE,INR,SCHM_TYPE,SBA
WRITE,W1,1,HSET,acct_auth_sign_table:67,ACID,67,ENTITY_CRE_FLG,Y,SOL_ID,2222,FORACID,67,ACCT_NAME,"AAAAA ,BBBBBBBBB",ACCT_SHORT_NAME,BBBBBBBB,CUST_ID,67,SCHM_CODE,RRRRR,ACCT_OPN_DATE,1248307200000,ACCT_CLS_FLG,N,MODE_OF_OPER_CODE,01,LCHG_USER_ID,CDCI,LCHG_TIME,1682535760067,RCRE_USER_ID,EEEEE,RCRE_TIME,1248350099000,ACCT_CRNCY_CODE,INR,SCHM_TYPE,SBA
WRITE,W1,1,HSET,acct_auth_sign_table:68,ACID,68,ENTITY_CRE_FLG,Y,SOL_ID,2222,FORACID,68,ACCT_NAME,"AAAAA ,BBBBBBBBB",ACCT_SHORT_NAME,BBBBBBBB,CUST_ID,68,SCHM_CODE,RRRRR,ACCT_OPN_DATE,1248307200000,ACCT_CLS_FLG,N,MODE_OF_OPER_CODE,01,LCHG_USER_ID,CDCI,LCHG_TIME,1682535760068,RCRE_USER_ID,EEEEE,RCRE_TIME,1248350099000,ACCT_CRNCY_CODE,INR,SCHM_TYPE,SBA
WRITE,W1,1,HSET,acct_auth_sign_table:69,ACID,69,ENTITY_CRE_FLG,Y,SOL_ID,2222,FORACID,69,ACCT_NAME,"AAAAA ,BBBBBBBBB",ACCT_SHORT_NAME,BBBBBBBB,CUST_ID,69,SCHM_CODE,RRRRR,ACCT_OPN_DATE,1248307200000,ACCT_CLS_FLG,N,MODE_OF_OPER_CODE,01,LCHG_USER_ID,CDCI,LCHG_TIME,1682535760069,RCRE_USER_ID,EEEEE,RCRE_TIME,1248350099000,ACCT_CRNCY_CODE,INR,SCHM_TYPE,SBA
WRITE,W1,1,HSET,acct_auth_sign_table:70,ACID,70,ENTITY_CRE_FLG,Y,SOL_ID,2222,FORACID,70,ACCT_NAME,"AAAAA ,BBBBBBBBB",ACCT_SHORT_NAME,BBBBBBBB,CUST_ID,70,SCHM_CODE,RRRRR,ACCT_OPN_DATE,1248307200000,ACCT_CLS_FLG,N,MODE_OF_OPER_CODE,01,LCHG_USER_ID,CDCI,LCHG_TIME,1682535760070,RCRE_USER_ID,EEEEE,RCRE_TIME,1248350099000,ACCT_CRNCY_CODE,INR,SCHM_TYPE,SBA
WRITE,W1,1,HSET,acct_auth_sign_table:71,ACID,71,ENTITY_CRE_FLG,Y,SOL_ID,2222,FORACID,71,ACCT_NAME,"AAAAA ,BBBBBBBBB",ACCT_SHORT_NAME,BBBBBBBB,CUST_ID,71,SCHM_CODE,RRRRR,ACCT_OPN_DATE,1248307200000,ACCT_CLS_FLG,N,MODE_OF_OPER_CODE,01,LCHG_USER_ID,CDCI,LCHG_TIME,1682535760071,RCRE_USER_ID,EEEEE,RCRE_TIME,1248350099000,ACCT_CRNCY_CODE,INR,SCHM_TYPE,SBA
WRITE,W1,1,HSET,acct_auth_sign_table:72,ACID,72,ENTITY_CRE_FLG,Y,SOL_ID,2222,FORACID,72,ACCT_NAME,"AAAAA ,BBBBBBBBB",ACCT_SHORT_NAME,BBBBBBBB,CUST_ID,72,SCHM_CODE,RRRRR,ACCT_OPN_DATE,1248307200000,ACCT_CLS_FLG,N,MODE_OF_OPER_CODE,01,LCHG_USER_ID,CDCI,LCHG_TIME,1682535760072,RCRE_USER_ID,EEEEE,RCRE_TIME,1248350099000,ACCT_CRNCY_CODE,INR,SCHM_TYPE,SBA
WRITE,W1,1,HSET,acct_auth_sign_table:73,ACID,73,ENTITY_CRE_FLG,Y,SOL_ID,2222,FORACID,73,ACCT_NAME,"AAAAA ,BBBBBBBBB",ACCT_SHORT_NAME,BBBBBBBB,CUST_ID,73,SCHM_CODE,RRRRR,ACCT_OPN_DATE,1248307200000,ACCT_CLS_FLG,N,MODE_OF_OPER_CODE,01,LCHG_USER_ID,CDCI,LCHG_TIME,1682535760073,RCRE_USER_ID,EEEEE,RCRE_TIME,1248350099000,ACCT_CRNCY_CODE,INR,SCHM_TYPE,SBA
WRITE,W1,1,HSET,acct_auth_sign_table:74,ACID,74,ENTITY_CRE_FLG,Y,SOL_ID,2222,FORACID,74,ACCT_NAME,"AAAAA ,BBBBBBBBB",ACCT_SHORT_NAME,BBBBBBBB,CUST_ID,74,SCHM_CODE,RRRRR,ACCT_OPN_DATE,1248307200000,ACCT_CLS_FLG,N,MODE_OF_OPER_CODE,01,LCHG_USER_ID,CDCI,LCHG_TIME,1682535760074,RCRE_USER_ID,EEEEE,RCRE_TIME,1248350099000,ACCT_CRNCY_CODE,INR,SCHM_TYPE,SBA
WRITE,W1,1,HSET,acct_auth_sign_table:75,ACID,75,ENTITY_CRE_FLG,Y,SOL_ID,2222,FORACID,75,ACCT_NAME,"AAAAA ,BBBBBBBBB",ACCT_SHORT_NAME,BBBBBBBB,CUST_ID,75,SCHM_CODE,RRRRR,ACCT_OPN_DATE,1248307200000,ACCT_CLS_FLG,N,MODE_OF_OPER_CODE,01,LCHG_USER_ID,CDCI,LCHG_TIME,1682535760075,RCRE_USER_ID,EEEEE,RCRE_TIME,1248350099000,ACCT_CRNCY_CODE,INR,SCHM_TYPE,SBA
WRITE,W1,1,HSET,acct_auth_sign_table:76,ACID,76,ENTITY_CRE_FLG,Y,SOL_ID,2222,FORACID,76,ACCT_NAME,"AAAAA ,BBBBBBBBB",ACCT_SHORT_NAME,BBBBBBBB,CUST_ID,76,SCHM_CODE,RRRRR,ACCT_OPN_DATE,1248307200000,ACCT_CLS_FLG,N,MODE_OF_OPER_CODE,01,LCHG_USER_ID,CDCI,LCHG_TIME,1682535760076,RCRE_USER_ID,EEEEE,RCRE_TIME,1248350099000,ACCT_CRNCY_CODE,INR,SCHM_TYPE,SBA
WRITE,W1,1,HSET,acct_auth_sign_table:77,ACID,77,ENTITY_CRE_FLG,Y,SOL_ID,2222,FORACID,77,ACCT_NAME,"AAAAA ,BBBBBBBBB",ACCT_SHORT_NAME,BBBBBBBB,CUST_ID,77,SCHM_CODE,RRRRR,ACCT_OPN_DATE,1248307200000,ACCT_CLS_FLG,N,MODE_OF_OPER_CODE,01,LCHG_USER_ID,CDCI,LCHG_TIME,1682535760077,RCRE_USER_ID,EEEEE,RCRE_TIME,1248350099000,ACCT_CRNCY_CODE,INR,SCHM_TYPE,SBA
WRITE,W1,1,HSET,acct_auth_sign_table:78,ACID,78,ENTITY_CRE_FLG,Y,SOL_ID,2222,FORACID,78,ACCT_NAME,"AAAAA ,BBBBBBBBB",ACCT_SHORT_NAME,BBBBBBBB,CUST_ID,78,SCHM_CODE,RRRRR,ACCT_OPN_DATE,1248307200000,ACCT_CLS_FLG,N,MODE_OF_OPER_CODE,01,LCHG_USER_ID,CDCI,LCHG_TIME,1682535760078,RCRE_USER_ID,EEEEE,RCRE_TIME,1248350099000,ACCT_CRNCY_CODE,INR,SCHM_TYPE,SBA
WRITE,W1,1,HSET,acct_auth_sign_table:79,ACID,79,ENTITY_CRE_FLG,Y,SOL_ID,2222,FORACID,79,ACCT_NAME,"AAAAA ,BBBBBBBBB",ACCT_SHORT_NAME,BBBBBBBB,CUST_ID,79,SCHM_CODE,RRRRR,ACCT_OPN_DATE,1248307200000,ACCT_CLS_FLG,N,MODE_OF_OPER_CODE,01,LCHG_USER_ID,CDCI,LCHG_TIME,1682535760079,RCRE_USER_ID,EEEEE,RCRE_TIME,1248350099000,ACCT_CRNCY_CODE,INR,SCHM_TYPE,SBA
WRITE,W1,1,HSET,acct_auth_sign_table:80,ACID,80,ENTITY_CRE_FLG,Y,SOL_ID,2222,FORACID,80,ACCT_NAME,"AAAAA ,BBBBBBBBB",ACCT_SHORT_NAME,BBBBBBBB,CUST_ID,80,SCHM_CODE,RRRRR,ACCT_OPN_DATE,1248307200000,ACCT_CLS_FLG,N,MODE_OF_OPER_CODE,01,LCHG_USER_ID,CDCI,LCHG_TIME,1682535760080,RCRE_USER_ID,EEEEE,RCRE_TIME,1248350099000,ACCT_CRNCY_CODE,INR,SCHM_TYPE,SBA
WRITE,W1,1,HSET,acct_auth_sign_table:81,ACID,81,ENTITY_CRE_FLG,Y,SOL_ID,2222,FORACID,81,ACCT_NAME,"AAAAA ,BBBBBBBBB",ACCT_SHORT_NAME,BBBBBBBB,CUST_ID,81,SCHM_CODE,RRRRR,ACCT_OPN_DATE,1248307200000,ACCT_CLS_FLG,N,MODE_OF_OPER_CODE,01,LCHG_USER_ID,CDCI,LCHG_TIME,1682535760081,RCRE_USER_ID,EEEEE,RCRE_TIME,1248350099000,ACCT_CRNCY_CODE,INR,SCHM_TYPE,SBA
WRITE,W1,1,HSET,acct_auth_sign_table:82,ACID,82,ENTITY_CRE_FLG,Y,SOL_ID,2222,FORACID,82,ACCT_NAME,"AAAAA ,BBBBBBBBB",ACCT_SHORT_NAME,BBBBBBBB,CUST_ID,82,SCHM_CODE,RRRRR,ACCT_OPN_DATE,1248307200000,ACCT_CLS_FLG,N,MODE_OF_OPER_CODE,01,LCHG_USER_ID,CDCI,LCHG_TIME,1682535760082,RCRE_USER_ID,EEEEE,RCRE_TIME,1248350099000,ACCT_CRNCY_CODE,INR,SCHM_TYPE,SBA
WRITE,W1,1,HSET,acct_auth_sign_table:83,ACID,83,ENTITY_CRE_FLG,Y,SOL_ID,2222,FORACID,83,ACCT_NAME,"AAAAA ,BBBBBBBBB",ACCT_SHORT_NAME,BBBBBBBB,CUST_ID,83,SCHM_CODE,RRRRR,ACCT_OPN_DATE,1248307200000,ACCT_CLS_FLG,N,MODE_OF_OPER_CODE,01,LCHG_USER_ID,CDCI,LCHG_TIME,1682535760083,RCRE_USER_ID,EEEEE,RCRE_TIME,1248350099000,ACCT_CRNCY_CODE,INR,SCHM_TYPE,SBA
WRITE,W1,1,HSET,acct_auth_sign_table:84,ACID,84,ENTITY_CRE_FLG,Y,SOL_ID,2222,FORACID,84,ACCT_NAME,"AAAAA ,BBBBBBBBB",ACCT_SHORT_NAME,BBBBBBBB,CUST_ID,84,SCHM_CODE,RRRRR,ACCT_OPN_DATE,1248307200000,ACCT_CLS_FLG,N,MODE_OF_OPER_CODE,01,LCHG_USER_ID,CDCI,LCHG_TIME,1682535760084,RCRE_USER_ID,EEEEE,RCRE_TIME,1248350099000,ACCT_CRNCY_CODE,INR,SCHM_TYPE,SBA
WRITE,W1,1,HSET,acct_auth_sign_table:85,ACID,85,ENTITY_CRE_FLG,Y,SOL_ID,2222,FORACID,85,ACCT_NAME,"AAAAA ,BBBBBBBBB",ACCT_SHORT_NAME,BBBBBBBB,CUST_ID,85,SCHM_CODE,RRRRR,ACCT_OPN_DATE,1248307200000,ACCT_CLS_FLG,N,MODE_OF_OPER_CODE,01,LCHG_USER_ID,CDCI,LCHG_TIME,1682535760085,RCRE_USER_ID,EEEEE,RCRE_TIME,1248350099000,ACCT_CRNCY_CODE,INR,SCHM_TYPE,SBA
WRITE,W1,1,HSET,acct_auth_sign_table:86,ACID,86,ENTITY_CRE_FLG,Y,SOL_ID,2222,FORACID,86,ACCT_NAME,"AAAAA ,BBBBBBBBB",ACCT_SHORT_NAME,BBBBBBBB,CUST_ID,86,SCHM_CODE,RRRRR,ACCT_OPN_DATE,1248307200000,ACCT_CLS_FLG,N,MODE_OF_OPER_CODE,01,LCHG_USER_ID,CDCI,LCHG_TIME,1682535760086,RCRE_USER_ID,EEEEE,RCRE_TIME,1248350099000,ACCT_CRNCY_CODE,INR,SCHM_TYPE,SBA
WRITE,W1,1,HSET,acct_auth_sign_table:87,ACID,87,ENTITY_CRE_FLG,Y,SOL_ID,2222,FORACID,87,ACCT_NAME,"AAAAA ,BBBBBBBBB",ACCT_SHORT_NAME,BBBBBBBB,CUST_ID,87,SCHM_CODE,RRRRR,ACCT_OPN_DATE,1248307200000,ACCT_CLS_FLG,N,MODE_OF_OPER_CODE,01,LCHG_USER_ID,CDCI,LCHG_TIME,1682535760087,RCRE_USER_ID,EEEEE,RCRE_TIME,1248350099000,ACCT_CRNCY_CODE,INR,SCHM_TYPE,SBA
WRITE,W1,1,HSET,acct_auth_sign_table:88,ACID,88,ENTITY_CRE_FLG,Y,SOL_ID,2222,FORACID,88,ACCT_NAME,"AAAAA ,BBBBBBBBB",ACCT_SHORT_NAME,BBBBBBBB,CUST_ID,88,SCHM_CODE,RRRRR,ACCT_OPN_DATE,1248307200000,ACCT_CLS_FLG,N,MODE_OF_OPER_CODE,01,LCHG_USER_ID,CDCI,LCHG_TIME,1682535760088,RCRE_USER_ID,EEEEE,RCRE_TIME,1248350099000,ACCT_CRNCY_CODE,INR,SCHM_TYPE,SBA
WRITE,W1,1,HSET,acct_auth_sign_table:89,ACID,89,ENTITY_CRE_FLG,Y,SOL_ID,2222,FORACID,89,ACCT_NAME,"AAAAA ,BBBBBBBBB",ACCT_SHORT_NAME,BBBBBBBB,CUST_ID,89,SCHM_CODE,RRRRR,ACCT_OPN_DATE,1248307200000,ACCT_CLS_FLG,N,MODE_OF_OPER_CODE,01,LCHG_USER_ID,CDCI,LCHG_TIME,1682535760089,RCRE_USER_ID,EEEEE,RCRE_TIME,1248350099000,ACCT_CRNCY_CODE,INR,SCHM_TYPE,SBA
WRITE,W1,1,HSET,acct_auth_sign_table:90,ACID,90,ENTITY_CRE_FLG,Y,SOL_ID,2222,FORACID,90,ACCT_NAME,"AAAAA ,BBBBBBBBB",ACCT_SHORT_NAME,BBBBBBBB,CUST_ID,90,SCHM_CODE,RRRRR,ACCT_OPN_DATE,1248307200000,ACCT_CLS_FLG,N,MODE_OF_OPER_CODE,01,LCHG_USER_ID,CDCI,LCHG_TIME,1682535760090,RCRE_USER_ID,EEEEE,RCRE_TIME,1248350099000,ACCT_CRNCY_CODE,INR,SCHM_TYPE,SBA
WRITE,W1,1,HSET,acct_auth_sign_table:91,ACID,91,ENTITY_CRE_FLG,Y,SOL_ID,2222,FORACID,91,ACCT_NAME,"AAAAA ,BBBBBBBBB",ACCT_SHORT_NAME,BBBBBBBB,CUST_ID,91,SCHM_CODE,RRRRR,ACCT_OPN_DATE,1248307200000,ACCT_CLS_FLG,N,MODE_OF_OPER_CODE,01,LCHG_USER_ID,CDCI,LCHG_TIME,1682535760091,RCRE_USER_ID,EEEEE,RCRE_TIME,1248350099000,ACCT_CRNCY_CODE,INR,SCHM_TYPE,SBA
WRITE,W1,1,HSET,acct_auth_sign_table:92,ACID,92,ENTITY_CRE_FLG,Y,SOL_ID,2222,FORACID,92,ACCT_NAME,"AAAAA ,BBBBBBBBB",ACCT_SHORT_NAME,BBBBBBBB,CUST_ID,92,SCHM_CODE,RRRRR,ACCT_OPN_DATE,1248307200000,ACCT_CLS_FLG,N,MODE_OF_OPER_CODE,01,LCHG_USER_ID,CDCI,LCHG_TIME,1682535760092,RCRE_USER_ID,EEEEE,RCRE_TIME,1248350099000,ACCT_CRNCY_CODE,INR,SCHM_TYPE,SBA
WRITE,W1,1,HSET,acct_auth_sign_table:93,ACID,93,ENTITY_CRE_FLG,Y,SOL_ID,2222,FORACID,93,ACCT_NAME,"AAAAA ,BBBBBBBBB",ACCT_SHORT_NAME,BBBBBBBB,CUST_ID,93,SCHM_CODE,RRRRR,ACCT_OPN_DATE,1248307200000,ACCT_CLS_FLG,N,MODE_OF_OPER_CODE,01,LCHG_USER_ID,CDCI,LCHG_TIME,1682535760093,RCRE_USER_ID,EEEEE,RCRE_TIME,1248350099000,ACCT_CRNCY_CODE,INR,SCHM_TYPE,SBA
WRITE,W1,1,HSET,acct_auth_sign_table:94,ACID,94,ENTITY_CRE_FLG,Y,SOL_ID,2222,FORACID,94,ACCT_NAME,"AAAAA ,BBBBBBBBB",ACCT_SHORT_NAME,BBBBBBBB,CUST_ID,94,SCHM_CODE,RRRRR,ACCT_OPN_DATE,1248307200000,ACCT_CLS_FLG,N,MODE_OF_OPER_CODE,01,LCHG_USER_ID,CDCI,LCHG_TIME,1682535760094,RCRE_USER_ID,EEEEE,RCRE_TIME,1248350099000,ACCT_CRNCY_CODE,INR,SCHM_TYPE,SBA
WRITE,W1,1,HSET,acct_auth_sign_table:95,ACID,95,ENTITY_CRE_FLG,Y,SOL_ID,2222,FORACID,95,ACCT_NAME,"AAAAA ,BBBBBBBBB",ACCT_SHORT_NAME,BBBBBBBB,CUST_ID,95,SCHM_CODE,RRRRR,ACCT_OPN_DATE,1248307200000,ACCT_CLS_FLG,N,MODE_OF_OPER_CODE,01,LCHG_USER_ID,CDCI,LCHG_TIME,1682535760095,RCRE_USER_ID,EEEEE,RCRE_TIME,1248350099000,ACCT_CRNCY_CODE,INR,SCHM_TYPE,SBA
WRITE,W1,1,HSET,acct_auth_sign_table:96,ACID,96,ENTITY_CRE_FLG,Y,SOL_ID,2222,FORACID,96,ACCT_NAME,"AAAAA ,BBBBBBBBB",ACCT_SHORT_NAME,BBBBBBBB,CUST_ID,96,SCHM_CODE,RRRRR,ACCT_OPN_DATE,1248307200000,ACCT_CLS_FLG,N,MODE_OF_OPER_CODE,01,LCHG_USER_ID,CDCI,LCHG_TIME,1682535760096,RCRE_USER_ID,EEEEE,RCRE_TIME,1248350099000,ACCT_CRNCY_CODE,INR,SCHM_TYPE,SBA
WRITE,W1,1,HSET,acct_auth_sign_table:97,ACID,97,ENTITY_CRE_FLG,Y,SOL_ID,2222,FORACID,97,ACCT_NAME,"AAAAA ,BBBBBBBBB",ACCT_SHORT_NAME,BBBBBBBB,CUST_ID,97,SCHM_CODE,RRRRR,ACCT_OPN_DATE,1248307200000,ACCT_CLS_FLG,N,MODE_OF_OPER_CODE,01,LCHG_USER_ID,CDCI,LCHG_TIME,1682535760097,RCRE_USER_ID,EEEEE,RCRE_TIME,1248350099000,ACCT_CRNCY_CODE,INR,SCHM_TYPE,SBA
WRITE,W1,1,HSET,acct_auth_sign_table:98,ACID,98,ENTITY_CRE_FLG,Y,SOL_ID,2222,FORACID,98,ACCT_NAME,"AAAAA ,BBBBBBBBB",ACCT_SHORT_NAME,BBBBBBBB,CUST_ID,98,SCHM_CODE,RRRRR,ACCT_OPN_DATE,1248307200000,ACCT_CLS_FLG,N,MODE_OF_OPER_CODE,01,LCHG_USER_ID,CDCI,LCHG_TIME,1682535760098,RCRE_USER_ID,EEEEE,RCRE_TIME,1248350099000,ACCT_CRNCY_CODE,INR,SCHM_TYPE,SBA
WRITE,W1,1,HSET,acct_auth_sign_table:99,ACID,99,ENTITY_CRE_FLG,Y,SOL_ID,2222,FORACID,99,ACCT_NAME,"AAAAA ,BBBBBBBBB",ACCT_SHORT_NAME,BBBBBBBB,CUST_ID,99,SCHM_CODE,RRRRR,ACCT_OPN_DATE,1248307200000,ACCT_CLS_FLG,N,MODE_OF_OPER_CODE,01,LCHG_USER_ID,CDCI,LCHG_TIME,1682535760099,RCRE_USER_ID,EEEEE,RCRE_TIME,1248350099000,ACCT_CRNCY_CODE,INR,SCHM_TYPE,SBA
